E_MeV,3in,4in,5in,6in,8in,9in,12in,18in,9inPb,12inPb,18inPb
1e-09,0.0,0.0,0.0,0.0,0.0,0.0,0.0,0.0,0.0955,0.0,0.0
2.15e-09,0.871,0.567,0.385,0.262,0.102,0.072,0.0158,0.0,0.0934,0.0,0.0
4.64e-09,0.882,0.577,0.391,0.263,0.104,0.0719,0.0159,0.0,0.0914,0.0,0.0
1e-08,0.938,0.618,0.419,0.276,0.112,0.0745,0.0167,0.0,0.096,0.0,0.0
2.15e-08,1.16,0.77,0.525,0.337,0.139,0.0891,0.0206,0.0,0.117,0.0,0.0
4.64e-08,1.55,1.05,0.725,0.458,0.19,0.118,0.0287,0.0,0.159,0.0,0.0
1e-07,1.87,1.31,0.914,0.574,0.239,0.143,0.0375,0.0,0.2,0.0,0.0
2.15e-07,2.08,1.52,1.08,0.677,0.285,0.166,0.0464,0.0,0.237,0.0788,0.0
4.64e-07,2.26,1.76,1.26,0.798,0.342,0.196,0.0564,0.0,0.282,0.0846,0.0
1e-06,2.62,2.15,1.55,1.0,0.433,0.255,0.0707,0.0,0.36,0.095,0.0
2.15e-06,2.98,2.54,1.86,1.24,0.526,0.324,0.0859,0.0,0.447,0.11,0.0
4.64e-06,3.14,2.76,2.09,1.43,0.588,0.386,0.099,0.0,0.511,0.127,0.0
1e-05,3.03,2.76,2.17,1.55,0.61,0.423,0.108,0.0,0.538,0.144,0.0
2.15e-05,2.82,2.71,2.24,1.65,0.628,0.446,0.114,0.0,0.566,0.157,0.0
4.64e-05,2.67,2.79,2.35,1.73,0.675,0.459,0.119,0.0,0.626,0.164,0.0
0.0001,2.59,2.97,2.46,1.78,0.74,0.48,0.127,0.0,0.709,0.165,0.0
0.000215,2.45,3.05,2.45,1.79,0.774,0.501,0.134,0.0,0.744,0.167,0.0
0.000464,2.17,2.89,2.4,1.83,0.745,0.521,0.137,0.0,0.736,0.175,0.0
0.001,1.82,2.66,2.4,1.89,0.72,0.525,0.136,0.0,0.728,0.19,0.0
0.00215,1.6,2.53,2.5,1.97,0.787,0.553,0.146,0.0,0.796,0.215,0.0
0.00464,1.42,2.44,2.46,2.01,1.03,0.63,0.169,0.0,0.895,0.245,0.0
0.01,1.25,2.22,2.3,1.97,1.3,0.697,0.181,0.0,0.931,0.258,0.0
0.0126,1.16,2.08,2.21,1.9,1.45,0.689,0.178,0.0,0.904,0.249,0.0
0.0158,1.12,1.97,2.18,1.84,1.58,0.647,0.172,0.0,0.849,0.233,0.0
0.02,1.15,1.97,2.27,1.89,1.67,0.614,0.173,0.0,0.823,0.225,0.0
0.0251,1.21,2.08,2.49,2.07,1.68,0.652,0.189,0.0,0.877,0.239,0.0
0.0316,1.27,2.24,2.72,2.31,1.61,0.749,0.215,0.0,1.0,0.275,0.0
0.0398,1.31,2.41,2.92,2.54,1.53,0.877,0.243,0.0,1.15,0.324,0.0
0.0501,1.31,2.5,2.97,2.71,1.49,0.974,0.262,0.00563,1.27,0.373,0.0053
0.0631,1.26,2.47,2.89,2.81,1.49,1.03,0.275,0.00695,1.32,0.41,0.00775
0.0794,1.13,2.3,2.67,2.85,1.49,1.05,0.289,0.00857,1.32,0.437,0.0105
0.1,0.954,2.05,2.38,2.86,1.48,1.05,0.31,0.0107,1.31,0.453,0.0135
0.126,0.803,1.83,2.17,2.87,1.47,1.07,0.338,0.0132,1.3,0.467,0.017
0.158,0.736,1.75,2.17,2.92,1.54,1.13,0.377,0.0161,1.35,0.484,0.0217
0.2,0.733,1.8,2.4,3.03,1.69,1.25,0.431,0.0192,1.49,0.526,0.0276
0.251,0.752,1.94,2.69,3.22,1.95,1.46,0.509,0.0233,1.71,0.604,0.0346
0.316,0.748,2.07,2.91,3.43,2.27,1.7,0.615,0.0291,1.98,0.729,0.0435
0.398,0.72,2.14,2.98,3.6,2.61,1.96,0.75,0.0388,2.26,0.894,0.0578
0.501,0.666,2.11,2.9,3.65,2.87,2.19,0.905,0.0553,2.48,1.09,0.0829
0.631,0.587,1.98,2.72,3.51,2.99,2.37,1.08,0.0841,2.64,1.3,0.123
0.794,0.481,1.75,2.46,3.15,2.91,2.49,1.26,0.132,2.73,1.51,0.183
1.0,0.368,1.48,2.13,2.63,2.68,2.58,1.45,0.209,2.75,1.72,0.265
1.26,0.276,1.19,1.75,2.16,2.41,2.64,1.65,0.326,2.75,1.92,0.381
1.58,0.225,0.939,1.39,1.92,2.27,2.75,1.88,0.481,2.79,2.12,0.528
2.0,0.195,0.736,1.14,1.96,2.35,2.9,2.13,0.662,2.9,2.33,0.713
2.51,0.164,0.601,1.0,2.07,2.59,3.09,2.4,0.84,3.03,2.55,0.918
3.16,0.129,0.515,0.957,2.08,2.81,3.17,2.64,0.993,3.04,2.73,1.13
3.98,0.108,0.463,0.937,1.92,2.78,3.08,2.77,1.12,2.88,2.83,1.33
5.01,0.107,0.414,0.881,1.64,2.45,2.77,2.74,1.22,2.53,2.8,1.47
6.31,0.107,0.362,0.782,1.33,1.98,2.37,2.52,1.28,2.17,2.61,1.53
7.94,0.0962,0.306,0.656,1.08,1.59,1.95,2.18,1.26,1.89,2.51,1.89
10.0,0.068,0.235,0.501,0.831,1.26,1.46,1.64,1.1,1.64,2.36,1.98
15.8,0.0368,0.157,0.338,0.595,0.996,0.922,1.07,0.847,1.53,1.02,1.83
25.1,0.0203,0.102,0.223,0.429,0.787,0.582,0.759,0.7,1.43,1.9,1.84
39.8,0.0133,0.0684,0.152,0.214,0.605,0.405,0.67,0.728,1.4,1.56,1.94
63.1,0.00999,0.0391,0.108,0.188,0.329,0.379,0.645,0.735,1.51,1.49,1.88
100.0,0.00834,0.0332,0.0975,0.152,0.265,0.383,0.636,0.771,1.76,1.6,1.92
158.0,0.00714,0.0317,0.0933,0.144,0.232,0.386,0.654,0.567,1.91,2.04,2.03
251.0,0.00679,0.0289,0.0826,0.134,0.244,0.281,0.743,0.553,2.31,2.56,2.97
398.0,0.0056,0.0237,0.0535,0.12,0.256,0.349,0.866,0.699,2.97,3.22,3.52
631.0,0.0056,0.0237,0.0535,0.12,0.256,0.349,0.866,0.699,2.97,3.22,3.52